<xml xmlns:o="urn:schemas-microsoft-com:office:office">
 <o:MainFile HRef="../mytemp.html"/>
 <o:File HRef="themedata.thmx"/>
 <o:File HRef="colorschememapping.xml"/>
 <o:File HRef="image046.emz"/>
 <o:File HRef="image047.gif"/>
 <o:File HRef="image048.emz"/>
 <o:File HRef="image049.gif"/>
 <o:File HRef="image050.emz"/>
 <o:File HRef="image051.gif"/>
 <o:File HRef="image052.emz"/>
 <o:File HRef="image053.gif"/>
 <o:File HRef="image054.emz"/>
 <o:File HRef="image055.gif"/>
 <o:File HRef="image056.emz"/>
 <o:File HRef="image057.gif"/>
 <o:File HRef="image058.emz"/>
 <o:File HRef="image059.gif"/>
 <o:File HRef="image060.emz"/>
 <o:File HRef="image061.gif"/>
 <o:File HRef="image062.emz"/>
 <o:File HRef="image063.gif"/>
 <o:File HRef="image064.emz"/>
 <o:File HRef="image065.gif"/>
 <o:File HRef="image066.emz"/>
 <o:File HRef="image067.gif"/>
 <o:File HRef="image068.emz"/>
 <o:File HRef="image069.gif"/>
 <o:File HRef="image070.emz"/>
 <o:File HRef="image071.gif"/>
 <o:File HRef="image072.emz"/>
 <o:File HRef="image073.gif"/>
 <o:File HRef="image074.emz"/>
 <o:File HRef="image075.gif"/>
 <o:File HRef="image076.emz"/>
 <o:File HRef="image077.gif"/>
 <o:File HRef="image033.gif"/>
 <o:File HRef="image078.emz"/>
 <o:File HRef="image079.gif"/>
 <o:File HRef="image080.emz"/>
 <o:File HRef="image081.gif"/>
 <o:File HRef="image082.emz"/>
 <o:File HRef="image083.gif"/>
 <o:File HRef="image084.emz"/>
 <o:File HRef="image085.gif"/>
 <o:File HRef="image086.emz"/>
 <o:File HRef="image087.gif"/>
 <o:File HRef="image088.emz"/>
 <o:File HRef="image089.gif"/>
 <o:File HRef="filelist.xml"/>
</xml>